-- This data is for testing extraction of news notifications from the database to be displayed in the inbox.

INSERT INTO Notifications (user_id, type, title, body, date_created) VALUES
('sender', 'news', 'Breaking News: Tech Innovation', 'Exciting new tech developments are on the horizon.', NOW()),
('sender', 'news', 'Market Update: Stocks Surge', 'The stock market has seen a significant surge today.', NOW()),
('sender', 'news', 'Health Alert: New Guidelines', 'New health guidelines have been released by the authorities.', NOW()),
('sender', 'news', 'Sports News: Championship Results', 'The championship results are in, and it was a close call.', NOW()),
('sender', 'news', 'Entertainment: Movie Premiere', 'A highly anticipated movie is premiering this weekend.', NOW()),
('sender', 'news', 'Travel: New Destination', 'A new travel destination has been discovered.', NOW()),
('sender', 'news', 'Food: Gourmet Recipe', 'Try out this new gourmet recipe for a delightful meal.', NOW()),
('sender', 'news', 'Fashion: Latest Trends', 'Check out the latest fashion trends for this season.', NOW()),
('sender', 'news', 'Home: Decor Ideas', 'Get inspired with these new home decor ideas.', NOW()),
('sender', 'news', 'Books: New Release', 'A new book release is making waves in the literary world.', NOW()),
('sender', 'news', 'Science: Breakthrough Discovery', 'Scientists have made a breakthrough discovery.', NOW()),
('sender', 'news', 'Business: New Partnership', 'A new partnership has been formed in the business world.', NOW()),
('sender', 'news', 'Education: New Courses', 'New courses are being offered for professional development.', NOW()),
('sender', 'news', 'Music: New Album', 'A new album has just been released by a popular artist.', NOW()),
('sender', 'news', 'Art: New Exhibition', 'A new art exhibition is opening this month.', NOW()),
('sender', 'news', 'Environment: Conservation Efforts', 'New conservation efforts are underway.', NOW()),
('sender', 'news', 'Technology: New Gadget', 'A new gadget is set to revolutionize the tech industry.', NOW()),
('sender', 'news', 'Finance: Investment Tips', 'Here are some new investment tips for you.', NOW()),
('sender', 'news', 'Fitness: New Workout', 'Try out this new workout routine for better fitness.', NOW()),
('sender', 'news', 'Lifestyle: Wellness Tips', 'Here are some wellness tips for a healthier lifestyle.', NOW()),
('sender', 'news', 'Politics: New Policy', 'A new policy has been announced by the government.', NOW()),
('sender', 'news', 'Economics: Market Analysis', 'Here is a detailed market analysis for today.', NOW()),
('sender', 'news', 'Social: Community Event', 'A community event is being organized this weekend.', NOW()),
('sender', 'news', 'Culture: Festival Announcement', 'A new cultural festival has been announced.', NOW()),
('sender', 'news', 'History: New Discovery', 'A new historical discovery has been made.', NOW()),
('sender', 'news', 'Space: New Mission', 'A new space mission is being planned.', NOW()),
('sender', 'news', 'Weather: Forecast Update', 'Here is the latest weather forecast update.', NOW()),
('sender', 'news', 'Animals: Wildlife Conservation', 'New efforts are being made for wildlife conservation.', NOW()),
('sender', 'news', 'Plants: Gardening Tips', 'Here are some new gardening tips for you.', NOW()),
('sender', 'news', 'Vehicles: New Model', 'A new vehicle model has been released.', NOW());

-- Insert into NewsNotifications table (30 inserts)
INSERT INTO NewsNotifications (notification_id, expiration_date, type, details) VALUES
(1, '2024-08-15', 'urgent', 'Details about the new tech developments.'),
(2, '2024-08-20', 'general', 'More details on the stock market surge.'),
(3, '2024-08-10', 'alert', 'Additional information on the new health guidelines.'),
(4, '2024-08-01', 'general', 'Details on the championship results.'),
(5, '2024-08-25', 'promotion', 'Special offers for the movie premiere.'),
(6, '2024-08-18', 'general', 'More details on the new travel destination.'),
(7, '2024-08-05', 'promotion', 'Special ingredients for the gourmet recipe.'),
(8, '2024-08-12', 'general', 'More information on the latest fashion trends.'),
(9, '2024-08-22', 'promotion', 'Discounts on home decor items.'),
(10, '2024-08-08', 'general', 'More details on the new book release.'),
(11, '2024-08-16', 'urgent', 'Details about the breakthrough discovery.'),
(12, '2024-08-21', 'general', 'More information on the new business partnership.'),
(13, '2024-08-09', 'promotion', 'Special offers on the new courses.'),
(14, '2024-08-02', 'general', 'More details on the new album release.'),
(15, '2024-08-26', 'promotion', 'Discounts for the new art exhibition.'),
(16, '2024-08-19', 'general', 'More details on the conservation efforts.'),
(17, '2024-08-06', 'urgent', 'Details about the new gadget.'),
(18, '2024-08-13', 'general', 'More information on the investment tips.'),
(19, '2024-08-23', 'promotion', 'Special offers for the new workout routine.'),
(20, '2024-08-07', 'general', 'More details on the wellness tips.'),
(21, '2024-08-17', 'urgent', 'Details about the new policy.'),
(22, '2024-08-24', 'general', 'More information on the market analysis.'),
(23, '2024-08-11', 'promotion', 'Special offers for the community event.'),
(24, '2024-08-03', 'general', 'More details on the cultural festival.'),
(25, '2024-08-27', 'promotion', 'Discounts for the historical discovery.'),
(26, '2024-08-20', 'general', 'More details on the new space mission.'),
(27, '2024-08-07', 'urgent', 'Details about the weather forecast update.'),
(28, '2024-08-14', 'general', 'More information on the wildlife conservation.'),
(29, '2024-08-24', 'promotion', 'Special offers for the gardening tips.'),
(30, '2024-08-08', 'general', 'More details on the new vehicle model.');

-- Insert into NotificationRecipient table (30 inserts - all to john_doe)
INSERT INTO NotificationRecipients (notification_id, recipient_id, date_sent) VALUES
(1, 'john_doe', NOW()),
(2, 'john_doe', NOW()),
(3, 'john_doe', NOW()),
(4, 'john_doe', NOW()),
(5, 'john_doe', NOW()),
(6, 'john_doe', NOW()),
(7, 'john_doe', NOW()),
(8, 'john_doe', NOW()),
(9, 'john_doe', NOW()),
(10, 'john_doe', NOW()),
(11, 'john_doe', NOW()),
(12, 'john_doe', NOW()),
(13, 'john_doe', NOW()),
(14, 'john_doe', NOW()),
(15, 'john_doe', NOW()),
(16, 'john_doe', NOW()),
(17, 'john_doe', NOW()),
(18, 'john_doe', NOW()),
(19, 'john_doe', NOW()),
(20, 'john_doe', NOW()),
(21, 'john_doe', NOW()),
(22, 'john_doe', NOW()),
(23, 'john_doe', NOW()),
(24, 'john_doe', NOW()),
(25, 'john_doe', NOW()),
(26, 'john_doe', NOW()),
(27, 'john_doe', NOW()),
(28, 'john_doe', NOW()),
(29, 'john_doe', NOW()),
(30, 'john_doe', NOW());
